<?xml version="1.0" encoding="UTF-8"?>
<project-private xmlns="http://www.netbeans.org/ns/project-private/1">
    <editor-bookmarks xmlns="http://www.netbeans.org/ns/editor-bookmarks/2" lastBookmarkId="0"/>
    <open-files xmlns="http://www.netbeans.org/ns/projectui-open-files/2">
        <group>
            <file>file:/C:/Users/asus/Documents/NetBeansProjects/ParkirMall/src/Model/Parkir/DAOParkir.java</file>
            <file>file:/C:/Users/asus/Documents/NetBeansProjects/ParkirMall/src/Model/Parkir/ModelTable.java</file>
            <file>file:/C:/Users/asus/Documents/NetBeansProjects/ParkirMall/src/Main/Main.java</file>
            <file>file:/C:/Users/asus/Documents/NetBeansProjects/ParkirMall/src/View/Parkir/ViewData.java</file>
            <file>file:/C:/Users/asus/Documents/NetBeansProjects/ParkirMall/src/Controller/ControllerParkir.java</file>
            <file>file:/C:/Users/asus/Documents/NetBeansProjects/ParkirMall/src/Model/Connector.java</file>
            <file>file:/C:/Users/asus/Documents/NetBeansProjects/ParkirMall/src/Model/Parkir/ModelParkir.java</file>
            <file>file:/C:/Users/asus/Documents/NetBeansProjects/ParkirMall/src/View/Parkir/InputData.java</file>
            <file>file:/C:/Users/asus/Documents/NetBeansProjects/ParkirMall/src/Model/Parkir/InterfaceDAOParkir.java</file>
            <file>file:/C:/Users/asus/Documents/NetBeansProjects/ParkirMall/src/View/Parkir/EditData.java</file>
        </group>
    </open-files>
</project-private>
